                  epoch,         train/box_loss,         train/cls_loss,         train/dfl_loss,   metrics/precision(B),      metrics/recall(B),       metrics/mAP50(B),    metrics/mAP50-95(B),           val/box_loss,           val/cls_loss,           val/dfl_loss,                 lr/pg0,                 lr/pg1,                 lr/pg2
                      1,                 1.5555,                 2.0767,                 1.4295,                0.52686,                0.22689,                0.28168,                0.13665,                 1.6287,                 2.4489,                 1.5765,             0.00065497,             0.00065497,             0.00065497
                      2,                 1.6633,                  1.875,                 1.5503,                0.44619,                0.31303,                0.30673,                0.12905,                 2.1665,                 2.3249,                  2.188,                0.00106,                0.00106,                0.00106
                      3,                 1.6906,                 1.8818,                  1.566,                0.44655,                0.42017,                 0.3712,                0.16961,                 1.8699,                 2.2415,                 1.8619,              0.0012009,              0.0012009,              0.0012009
                      4,                  1.664,                 1.8276,                 1.5458,                0.50122,                0.43697,                0.39556,                0.19206,                 1.6854,                 1.9576,                 1.6026,               0.000812,               0.000812,               0.000812
                      5,                 1.6326,                 1.7319,                 1.5183,                0.50839,                0.49968,                0.46379,                0.22558,                  1.578,                 1.6913,                 1.5288,               0.000812,               0.000812,               0.000812
